name,type,category,age,structure,morphology,size,reserve,lat,long,status1983,size_viz,res_viz
,plomb - zinc,index,neogene,Miocene basin,unclassified,< 10 000 T,limited,37.180419749620000,10.099864167580000,unknown,"10000",
,plomb - zinc,index,neogene,Miocene basin,unclassified,< 10 000 T,limited,37.188458766799997,10.072028389440000,unknown,"10000",
,plomb - zinc,index,triasic,Miocene basin,unclassified,< 10 000 T,limited,37.180142526780003,10.042800821309999,unknown,"10000",
,plomb - zinc,index,neogene,Miocene basin,unclassified,< 10 000 T,limited,37.156852182780000,10.038973402180000,unknown,"10000",
,plomb - zinc,index,neogene,Miocene basin,unclassified,< 10 000 T,limited,37.138270215550001,10.031318563559999,unknown,"10000",
,lignite,index,neogene,eastern platform,unclassified,undetermined,limited,36.786268314790000,10.804843126880000,unknown,,
,lignite,index,neogene,eastern platform,unclassified,undetermined,limited,36.860366707630000,10.859397426619999,unknown,,
,barite - strontianite,index,neogene,eastern platform,unclassified,undetermined,limited,37.065688534769997,11.031445897510000,unknown,,
,mercury,index,neogene,eastern platform,unclassified,< 500 T,limited,37.047032508080001,11.061822040459999,unknown,"500",
,fluorite,index,triasic,Mole of ZAGHWEN,unclassified,undetermined,limited,36.583899031119998,10.330683549850001,unknown,,
,plomb - zinc,index,cretaceous,Mole of ZAGHWEN,unclassified,< 10 000 T,limited,36.556024001239997,10.436199131100000,unknown,"10000",
,plomb - zinc,index,eocene - oligocene,cretaceous - tertiary basin,unclassified,< 10 000 T,limited,36.714986888340000,10.322586496140000,unknown,"10000",
,plomb - zinc,index,eocene - oligocene,cretaceous - tertiary basin,unclassified,< 10 000 T,limited,36.640230207270001,10.149480214030000,unknown,"10000",
,plomb - zinc,index,cretaceous,Mole of ZAGHWEN,unclassified,< 10 000 T,limited,36.538527571880003,10.005502118450000,unknown,"10000",
,barite - strontianite,index,cretaceous,Mole of ZAGHWEN,unclassified,undetermined,limited,36.515961161029999,10.013547244460000,unknown,,
,iron,index,jurassic,Mole of ZAGHWEN,unclassified,< 500 000 T,limited,36.503672913309998,10.071806416699999,unknown,,
,mercury,index,cretaceous,Mole of ZAGHWEN,unclassified,< 500 T,limited,36.544778476280001,10.056300733610000,unknown,"500",
,plomb - zinc,index,cretaceous,Mole of ZAGHWEN,unclassified,< 10 000 T,limited,36.550150124520002,10.098592966200000,unknown,"10000",
,plomb - zinc,index,cretaceous,Mole of ZAGHWEN,unclassified,< 10 000 T,limited,36.482415040109998,10.257403070150000,unknown,"10000",
,barite - strontianite,index,cretaceous,Mole of ZAGHWEN,unclassified,undetermined,limited,36.465577291010000,10.257516305319999,unknown,,
,fluorite,index,eocene - oligocene,Mole of ZAGHWEN,unclassified,undetermined,limited,36.472452903140002,10.273191456630000,unknown,,
,fluorite,index,eocene - oligocene,Mole of ZAGHWEN,unclassified,undetermined,limited,36.394438684999997,10.401607985969999,unknown,,
,plomb - zinc,index,eocene - oligocene,Mole of ZAGHWEN,unclassified,< 10 000 T,limited,36.381711352840000,10.413409475820000,unknown,"10000",
,mercury,index,cretaceous,Mole of ZAGHWEN,unclassified,< 500 T,limited,36.367368819290000,10.371991906910001,unknown,"500",
,barite - strontianite,index,cretaceous,Mole of ZAGHWEN,unclassified,undetermined,limited,36.404562276299998,10.112500642810000,unknown,,
,fluorite,index,jurassic,Mole of ZAGHWEN,unclassified,undetermined,limited,36.362698021130001,10.134906097929999,unknown,,
,copper,index,cretaceous,Mole of ZAGHWEN,unclassified,< 500 T,limited,36.324307849710003,10.093499888640000,unknown,"500",
,barite - strontianite,index,eocene - oligocene,Mole of ZAGHWEN,unclassified,undetermined,limited,36.216615966230002,10.216347410970000,unknown,,
,fluorite,index,cretaceous,Mole of ZAGHWEN,unclassified,undetermined,limited,36.206192979770002,10.256428246790000,unknown,,
,plomb - zinc,index,cretaceous,Mole of ZAGHWEN,unclassified,< 10 000 T,limited,36.230985352470000,10.241956540229999,unknown,"10000",
,barite - strontianite,index,eocene - oligocene,Mole of ZAGHWEN,unclassified,undetermined,limited,36.248586395289998,10.237727300020000,unknown,,
,lignite,index,eocene - oligocene,Mole of ZAGHWEN,unclassified,undetermined,limited,36.260855910700002,10.327722994469999,unknown,,
,plomb - zinc,index,cretaceous,cretaceous - tertiary basin,unclassified,< 10 000 T,limited,36.167023599609998,10.254633268139999,unknown,"10000",
,fluorite,index,cretaceous,cretaceous - tertiary basin,unclassified,undetermined,limited,36.173855907600000,9.878023647750000,unknown,,
,barite - strontianite,index,cretaceous,cretaceous - tertiary basin,unclassified,undetermined,limited,36.190346668609997,9.895358593579999,unknown,,
,lignite,index,cretaceous,cretaceous - tertiary basin,unclassified,undetermined,limited,36.159710261720001,9.930929338180000,unknown,,
,plomb - zinc,index,cretaceous,Mole of ZAGHWEN,unclassified,< 10 000 T,limited,36.238797865220000,9.967120181789999,unknown,"10000",
,barite - strontianite,index,cretaceous,Mole of ZAGHWEN,unclassified,undetermined,limited,36.235927175560001,9.939898486420001,unknown,,
,fluorite,index,cretaceous,Mole of ZAGHWEN,unclassified,undetermined,limited,36.218910663890000,9.951867136490000,unknown,,
,lignite,index,eocene - oligocene,Mole of ZAGHWEN,unclassified,undetermined,limited,36.242877728629999,10.068154482640001,unknown,,
,barite - strontianite,index,cretaceous,cretaceous - tertiary basin,unclassified,undetermined,limited,36.046039647070003,9.580134775499999,unknown,,
,barite - strontianite,index,cretaceous,cretaceous - tertiary basin,unclassified,undetermined,limited,36.072066932749998,9.613944520870000,unknown,,
,plomb - zinc,index,cretaceous,cretaceous - tertiary basin,unclassified,< 10 000 T,limited,36.045925366630001,9.627434369950000,unknown,"10000",
,barite - strontianite,index,cretaceous,cretaceous - tertiary basin,unclassified,undetermined,limited,36.468011340559997,9.504319415290000,unknown,,
,plomb - zinc,index,cretaceous,cretaceous - tertiary basin,unclassified,< 10 000 T,limited,36.460232145580001,9.536386493620000,unknown,"10000",
,plomb - zinc,index,cretaceous,cretaceous - tertiary basin,unclassified,< 10 000 T,limited,36.463274113310000,9.468142983400000,unknown,"10000",
,plomb - zinc,index,neogene,cretaceous - tertiary basin,unclassified,< 10 000 T,limited,36.585063877570001,9.674435291860000,unknown,"10000",
,plomb - zinc,index,cretaceous,cretaceous - tertiary basin,unclassified,< 10 000 T,limited,36.615229293210000,9.694487782940000,unknown,"10000",
,barite - strontianite,index,neogene,cretaceous - tertiary basin,unclassified,undetermined,limited,36.588600668950001,9.597606497470000,unknown,,
,plomb - zinc,index,neogene,cretaceous - tertiary basin,unclassified,< 10 000 T,limited,36.557248046650002,9.595863266280000,unknown,"10000",
,plomb - zinc,index,eocene - oligocene,cretaceous - tertiary basin,unclassified,< 10 000 T,limited,36.723649230980001,9.916763490090000,unknown,"10000",
,plomb - zinc,index,triasic,cretaceous - tertiary basin,unclassified,< 10 000 T,limited,36.548170136670002,9.549821617199999,unknown,"10000",
,barite - strontianite,index,triasic,cretaceous - tertiary basin,unclassified,undetermined,limited,36.579096665949997,9.520145079840001,unknown,,
,barite - strontianite,index,triasic,cretaceous - tertiary basin,unclassified,undetermined,limited,36.597180493920000,9.479371952770000,unknown,,
,iron,index,cretaceous,cretaceous - tertiary basin,unclassified,< 500 000 T,limited,36.644307186250003,9.497005450310001,unknown,,
,plomb - zinc,index,neogene,cretaceous - tertiary basin,unclassified,< 10 000 T,limited,36.655027947610002,9.542682351380000,unknown,"10000",
,plomb - zinc,index,triasic,cretaceous - tertiary basin,unclassified,< 10 000 T,limited,36.632978459439997,9.656120403370000,unknown,"10000",
,barite - strontianite,index,triasic,cretaceous - tertiary basin,unclassified,undetermined,limited,36.584086776900001,9.637846798860000,unknown,,
,fluorite,index,jurassic,Mole of ZAGHWEN,unclassified,undetermined,limited,36.515323202829997,10.042561338440001,unknown,,
,barite - strontianite,index,quaternary,Mole of ZAGHWEN,unclassified,undetermined,limited,36.381067224749998,9.928630161599999,unknown,,
,fluorite,index,cretaceous,Mole of ZAGHWEN,unclassified,undetermined,limited,36.371383589819999,9.946531367870000,unknown,,
,plomb - zinc,index,triasic,cretaceous - tertiary basin,unclassified,< 10 000 T,limited,36.733405993209999,9.636170823210000,unknown,"10000",
,plomb - zinc,index,triasic,cretaceous - tertiary basin,unclassified,< 10 000 T,limited,36.737972949819998,9.687045814459999,unknown,"10000",
,plomb - zinc,index,triasic,Miocene basin,unclassified,< 10 000 T,limited,36.807575589010000,9.743369247810000,unknown,"10000",
,plomb - zinc,index,quaternary,Miocene basin,unclassified,< 10 000 T,limited,36.976102495550002,9.784453762069999,unknown,"10000",
,plomb - zinc,index,neogene,Miocene basin,unclassified,< 10 000 T,limited,36.941942141209999,9.765871974000000,unknown,"10000",
,barite - strontianite,index,cretaceous,Miocene basin,unclassified,undetermined,limited,37.286648827070003,9.732863031670000,unknown,,
,iron,index,neogene,Miocene basin,unclassified,< 500 000 T,limited,37.270463299969997,9.784369132609999,unknown,,
,plomb - zinc,index,neogene,Miocene basin,unclassified,< 10 000 T,limited,37.236950185090002,9.672159651950000,unknown,"10000",
,plomb - zinc,index,neogene,Miocene basin,unclassified,< 10 000 T,limited,37.209933734170001,9.692058579950000,unknown,"10000",
,plomb - zinc,index,triasic,Miocene basin,unclassified,< 10 000 T,limited,37.215711573560000,9.593402674860000,unknown,"10000",
,iron,index,triasic,Miocene basin,unclassified,< 500 000 T,limited,37.238051158790000,9.611669836030000,unknown,,
,plomb - zinc,index,neogene,Miocene basin,unclassified,< 10 000 T,limited,37.266548931940001,9.651320247599999,unknown,"10000",
,plomb - zinc,index,eocene - oligocene,Miocene basin,unclassified,< 10 000 T,limited,37.187552049680001,9.532837675120000,unknown,"10000",
,plomb - zinc,index,cretaceous,Miocene basin,unclassified,< 10 000 T,limited,37.164158794659997,9.552742369500001,unknown,"10000",
,plomb - zinc,index,cretaceous,Miocene basin,unclassified,< 10 000 T,limited,37.155464630780003,9.472587680309999,unknown,"10000",
,plomb - zinc,index,cretaceous,Miocene basin,unclassified,< 10 000 T,limited,37.135963268790000,9.499672649800001,unknown,"10000",
,plomb - zinc,index,cretaceous,Miocene basin,unclassified,< 10 000 T,limited,37.131535959479997,9.462805021430000,unknown,"10000",
,lignite,index,quaternary,cristallyine basement,unclassified,undetermined,limited,37.498373716069999,8.873530230769999,unknown,,
,plomb - zinc,index,cretaceous,Miocene basin,unclassified,< 10 000 T,limited,36.841388072150004,9.479260361450001,unknown,"10000",
,plomb - zinc,index,cretaceous,Miocene basin,unclassified,< 10 000 T,limited,36.818951275179998,9.451724914070001,unknown,"10000",
,plomb - zinc,index,eocene - oligocene,Miocene basin,unclassified,< 10 000 T,limited,36.829844897329998,9.361506595910001,unknown,"10000",
,iron,index,cretaceous,Miocene basin,unclassified,< 500 000 T,limited,36.852697022080001,9.347748304300000,unknown,,
,plomb - zinc,index,cretaceous,Miocene basin,unclassified,< 10 000 T,limited,36.859118209119998,9.319268705040001,unknown,"10000",
,plomb - zinc,index,cretaceous,Miocene basin,unclassified,< 10 000 T,limited,36.875863132909998,9.355676826720000,unknown,"10000",
,plomb - zinc,index,eocene - oligocene,Miocene basin,unclassified,< 10 000 T,limited,36.843294230780003,9.246248066650001,unknown,"10000",
,plomb - zinc,index,cretaceous,Miocene basin,unclassified,< 10 000 T,limited,36.926658928869998,9.433014286420001,unknown,"10000",
,phosphate,index,cretaceous,Miocene basin,unclassified,< 1 000 000 T,limited,36.959544693989997,9.469988272429999,unknown,"1000000",
,plomb - zinc,index,cretaceous,Miocene basin,unclassified,< 10 000 T,limited,36.983320275110003,9.445682288330000,unknown,"10000",
,plomb - zinc,index,cretaceous,Miocene basin,unclassified,< 10 000 T,limited,36.996759971440000,9.490023024459999,unknown,"10000",
,phosphate,index,cretaceous,Miocene basin,unclassified,< 1 000 000 T,limited,36.990784075240001,9.532604661080001,unknown,"1000000",
,plomb - zinc,index,eocene - oligocene,Miocene basin,unclassified,< 10 000 T,limited,36.989985655970003,9.240349875720000,unknown,"10000",
,barite - strontianite,index,cretaceous,Miocene basin,unclassified,undetermined,limited,37.067072250880003,9.510702524930000,unknown,,
,plomb - zinc,index,neogene,Miocene basin,unclassified,< 10 000 T,limited,37.111954842389999,9.489959979769999,unknown,"10000",
,iron,index,neogene,Miocene basin,unclassified,< 500 000 T,limited,37.109282794220000,9.439445987039999,unknown,,
,plomb - zinc,index,cretaceous,The Numidian Flysch,unclassified,< 10 000 T,limited,37.074453662520000,9.418396543740000,unknown,"10000",
,copper,index,triasic,The Numidian Flysch,unclassified,< 500 T,limited,37.068591431240002,9.443588517149999,unknown,"500",
,plomb - zinc,index,eocene - oligocene,The Numidian Flysch,unclassified,< 10 000 T,limited,37.076792817600001,9.380873294370000,unknown,"10000",
,barite - strontianite,index,cretaceous,The Numidian Flysch,unclassified,undetermined,limited,37.048675222969997,9.402086263350000,unknown,,
,plomb - zinc,index,eocene - oligocene,The Numidian Flysch,unclassified,< 10 000 T,limited,37.060304825350002,9.350725867350000,unknown,"10000",
,plomb - zinc,index,eocene - oligocene,The Numidian Flysch,unclassified,< 10 000 T,limited,37.070896058960003,9.273570718289999,unknown,"10000",
,plomb - zinc,index,cretaceous,Miocene basin,unclassified,< 10 000 T,limited,36.992774831090003,9.378676938150001,unknown,"10000",
,plomb - zinc,index,triasic,Miocene basin,unclassified,< 10 000 T,limited,37.007424601060002,9.411719560520000,unknown,"10000",
,plomb - zinc,index,triasic,Miocene basin,unclassified,< 10 000 T,limited,37.016193356179997,9.339979723080001,unknown,"10000",
,barite - strontianite,index,cretaceous,Miocene basin,unclassified,undetermined,limited,36.909477974280001,10.077247596830000,unknown,,
,plomb - zinc,index,triasic,Miocene basin,unclassified,< 10 000 T,limited,36.892115476340003,10.088312318930001,unknown,"10000",
,copper,index,cretaceous,Miocene basin,unclassified,< 500 T,limited,36.867738106179999,10.074998214590000,unknown,"500",
,fluorite,index,quaternary,The Numidian Flysch,unclassified,undetermined,limited,37.094547125769999,9.182844653100000,unknown,,
,plomb - zinc,index,eocene - oligocene,Miocene basin,unclassified,< 10 000 T,limited,37.040010206829997,9.202300177890001,unknown,"10000",
,barite - strontianite,index,neogene,The Numidian Flysch,unclassified,undetermined,limited,37.062036096470003,9.095477440750001,unknown,,
,iron,index,eocene - oligocene,The Numidian Flysch,unclassified,< 500 000 T,limited,37.096171866779997,9.095930533970000,unknown,,
,uranium,index,eocene - oligocene,The Numidian Flysch,unclassified,undetermined,limited,37.112824928110001,9.062731691720000,unknown,,
,plomb - zinc,index,eocene - oligocene,The Numidian Flysch,unclassified,< 10 000 T,limited,37.036856059750001,9.049030900400000,unknown,"10000",
,plomb - zinc,index,eocene - oligocene,The Numidian Flysch,unclassified,< 10 000 T,limited,37.017925382140000,9.102154941129999,unknown,"10000",
,barite - strontianite,index,eocene - oligocene,Miocene basin,unclassified,undetermined,limited,37.005677294740003,9.145393485430001,unknown,,
,plomb - zinc,index,eocene - oligocene,Miocene basin,unclassified,< 10 000 T,limited,37.002009648420000,9.167827159060000,unknown,"10000",
,barite - strontianite,index,eocene - oligocene,The Numidian Flysch,unclassified,undetermined,limited,37.013454014659999,9.064934258850000,unknown,,
,fluorite,index,quaternary,The Numidian Flysch,unclassified,undetermined,limited,37.005963086880001,8.915964059300000,unknown,,
,plomb - zinc,index,eocene - oligocene,The Numidian Flysch,unclassified,< 10 000 T,limited,36.930921789190002,9.011199373240000,unknown,"10000",
,copper,index,eocene - oligocene,The Numidian Flysch,unclassified,< 500 T,limited,36.901156646490001,9.044835792520001,unknown,"500",
,plomb - zinc,index,triasic,The Numidian Flysch,unclassified,< 10 000 T,limited,36.884921622020002,8.971348393730000,unknown,"10000",
,uranium,index,eocene - oligocene,Miocene basin,unclassified,undetermined,limited,36.923912243079997,9.145342392980000,unknown,,
,plomb - zinc,index,eocene - oligocene,The Numidian Flysch,unclassified,< 10 000 T,limited,36.986982944979999,9.086850546690000,unknown,"10000",
,plomb - zinc,index,eocene - oligocene,The Numidian Flysch,unclassified,< 10 000 T,limited,36.992691177319998,9.049122892110001,unknown,"10000",
,mercury,index,eocene - oligocene,The Numidian Flysch,unclassified,< 500 T,limited,36.957245757309998,8.858634288090000,unknown,"500",
,iron,index,quaternary,The Numidian Flysch,unclassified,< 500 000 T,limited,36.990332482429999,8.899405629140000,unknown,,
,plomb - zinc,index,eocene - oligocene,The Numidian Flysch,unclassified,< 10 000 T,limited,36.940406308050001,8.819614580110002,unknown,"10000",
,plomb - zinc,index,triasic,The Numidian Flysch,unclassified,< 10 000 T,limited,36.902511679009997,8.863153416470000,unknown,"10000",
,barite - strontianite,index,cretaceous,The Numidian Flysch,unclassified,undetermined,limited,36.910087920940001,8.893785704170000,unknown,,
,plomb - zinc,index,triasic,The Numidian Flysch,unclassified,< 10 000 T,limited,36.931197289529997,8.877188165480000,unknown,"10000",
,plomb - zinc,index,eocene - oligocene,The Numidian Flysch,unclassified,< 10 000 T,limited,36.834319666730003,8.761969080909999,unknown,"10000",
,plomb - zinc,index,eocene - oligocene,The Numidian Flysch,unclassified,< 10 000 T,limited,36.799334770860000,8.728501366210002,unknown,"10000",
,plomb - zinc,index,eocene - oligocene,Miocene basin,unclassified,< 10 000 T,limited,36.769271953150003,8.698268267610000,unknown,"10000",
,plomb - zinc,index,eocene - oligocene,Miocene basin,unclassified,< 10 000 T,limited,36.812083333040000,9.085135385479999,unknown,"10000",
,plomb - zinc,index,neogene,Miocene basin,unclassified,< 10 000 T,limited,36.711454666990001,9.217915494850001,unknown,"10000",
,plomb - zinc,index,neogene,Miocene basin,unclassified,< 10 000 T,limited,36.748856362260000,9.231701504629999,unknown,"10000",
,plomb - zinc,index,cretaceous,Miocene basin,unclassified,< 10 000 T,limited,36.683147516840002,8.920824895010000,unknown,"10000",
,plomb - zinc,index,cretaceous,Miocene basin,unclassified,< 10 000 T,limited,36.593632627580000,8.812500954700004,unknown,"10000",
,plomb - zinc,index,eocene - oligocene,Miocene basin,unclassified,< 10 000 T,limited,36.746470864940001,8.629924803110002,unknown,"10000",
,plomb - zinc,index,eocene - oligocene,Miocene basin,unclassified,< 10 000 T,limited,36.707167526139997,8.587145462130000,unknown,"10000",
,plomb - zinc,index,triasic,Miocene basin,unclassified,< 10 000 T,limited,36.680219016540001,8.618456351850000,unknown,"10000",
,plomb - zinc,index,triasic,Miocene basin,unclassified,< 10 000 T,limited,36.722412083519998,8.748880860350004,unknown,"10000",
,copper,index,cretaceous,Miocene basin,unclassified,< 500 T,limited,36.655934063369997,8.613410316960000,unknown,"500",
,plomb - zinc,index,cretaceous,Miocene basin,unclassified,< 10 000 T,limited,36.654183823810001,8.583048208530000,unknown,"10000",
,iron,index,cretaceous,Miocene basin,unclassified,< 500 000 T,limited,36.642217597909998,8.559031475830000,unknown,,
,plomb - zinc,index,eocene - oligocene,Miocene basin,unclassified,< 10 000 T,limited,36.521552027959999,8.375457478680000,unknown,"10000",
,copper,index,cretaceous,Miocene basin,unclassified,< 500 T,limited,36.536128777739997,8.411279383140000,unknown,"500",
,copper,index,cretaceous,Miocene basin,unclassified,< 500 T,limited,36.559304246979998,8.452135940170002,unknown,"500",
,barite - strontianite,index,cretaceous,Miocene basin,unclassified,undetermined,limited,36.581351375950000,8.473199880310000,unknown,,
,mercury,index,cretaceous,Miocene basin,unclassified,< 500 T,limited,36.605996184920002,8.492966141109999,unknown,"500",
,iron,index,cretaceous,Miocene basin,unclassified,< 500 000 T,limited,36.627958335510002,8.514241209640000,unknown,,
,iron,index,eocene - oligocene,Miocene basin,unclassified,< 500 000 T,limited,36.595699757129999,8.553868838570002,unknown,,
,antimony - arsenic,index,triasic,Miocene basin,unclassified,< 500 T,limited,36.580447538450002,8.537577475390000,unknown,"500",
,plomb - zinc,index,quaternary,Miocene basin,unclassified,< 10 000 T,limited,36.523200235970002,8.768627082329999,unknown,"10000",
,plomb - zinc,index,cretaceous,cretaceous - tertiary basin,unclassified,< 10 000 T,limited,36.557594829080003,9.265526361099999,unknown,"10000",
,plomb - zinc,index,cretaceous,cretaceous - tertiary basin,unclassified,< 10 000 T,limited,36.553549713060001,9.337770995840000,unknown,"10000",
,phosphate,index,cretaceous,cretaceous - tertiary basin,unclassified,< 1 000 000 T,limited,36.547662720029997,9.397068944850000,unknown,"1000000",
,plomb - zinc,index,neogene,cretaceous - tertiary basin,unclassified,< 10 000 T,limited,36.381484658970002,9.377857608779999,unknown,"10000",
,plomb - zinc,index,neogene,cretaceous - tertiary basin,unclassified,< 10 000 T,limited,36.405676725760003,9.420878656459999,unknown,"10000",
,plomb - zinc,index,eocene - oligocene,cretaceous - tertiary basin,unclassified,< 10 000 T,limited,36.442641612730000,9.406694195029999,unknown,"10000",
,plomb - zinc,index,quaternary,cretaceous - tertiary basin,unclassified,< 10 000 T,limited,36.358514917519997,9.345197198019999,unknown,"10000",
,phosphate,index,eocene - oligocene,cretaceous - tertiary basin,unclassified,< 1 000 000 T,limited,36.497999745850002,9.194044881780000,unknown,"1000000",
,vanadium,index,eocene - oligocene,cretaceous - tertiary basin,unclassified,undetermined,limited,36.476182349559998,9.167725210680000,unknown,,
,plomb - zinc,index,triasic,Miocene basin,unclassified,< 10 000 T,limited,37.032002876729997,9.438840476910000,unknown,"10000",
,plomb - zinc,index,eocene - oligocene,cretaceous - tertiary basin,unclassified,< 10 000 T,limited,36.738551296110003,9.788094502680000,unknown,"10000",
,plomb - zinc,index,cretaceous,cretaceous - tertiary basin,unclassified,< 10 000 T,limited,36.372342923260000,8.937890740129999,unknown,"10000",
,fluorite,index,cretaceous,cretaceous - tertiary basin,unclassified,undetermined,limited,36.383558481370002,9.126079524330001,unknown,,
,copper,index,quaternary,cretaceous - tertiary basin,unclassified,< 500 T,limited,36.380034341470001,8.847730214069999,unknown,"500",
,plomb - zinc,index,cretaceous,cretaceous - tertiary basin,unclassified,< 10 000 T,limited,36.353659190300000,8.757100380530000,unknown,"10000",
,fluorite,index,cretaceous,cretaceous - tertiary basin,unclassified,undetermined,limited,36.311058737739998,8.707496193230000,unknown,,
,phosphate,index,cretaceous,cretaceous - tertiary basin,unclassified,< 1 000 000 T,limited,36.247554564340000,8.714846319999999,unknown,"1000000",
,fluorite,index,eocene - oligocene,cretaceous - tertiary basin,unclassified,undetermined,limited,36.244087060500000,8.969821294810000,unknown,,
,phosphate,index,cretaceous,cretaceous - tertiary basin,unclassified,< 1 000 000 T,limited,36.259715601200000,8.929045949700004,unknown,"1000000",
,iron,index,cretaceous,cretaceous - tertiary basin,unclassified,< 500 000 T,limited,36.235463735659998,8.914256221840002,unknown,,
,copper,index,cretaceous,cretaceous - tertiary basin,unclassified,< 500 T,limited,36.212849571560000,8.898957227530000,unknown,"500",
,plomb - zinc,index,triasic,cretaceous - tertiary basin,unclassified,< 10 000 T,limited,36.136411956240003,8.826898533920000,unknown,"10000",
,phosphate,index,triasic,cretaceous - tertiary basin,unclassified,< 1 000 000 T,limited,36.090561371160000,8.922803059100000,unknown,"1000000",
,plomb - zinc,index,cretaceous,cretaceous - tertiary basin,unclassified,< 10 000 T,limited,36.198213603820001,8.686288647960000,unknown,"10000",
,copper,index,cretaceous,cretaceous - tertiary basin,unclassified,< 500 T,limited,36.178470937189999,8.660287194200000,unknown,"500",
,plomb - zinc,index,cretaceous,cretaceous - tertiary basin,unclassified,< 10 000 T,limited,36.246330425849997,8.660304463650000,unknown,"10000",
,fluorite,index,cretaceous,cretaceous - tertiary basin,unclassified,undetermined,limited,36.224543639659998,8.635831672969999,unknown,,
,plomb - zinc,index,cretaceous,cretaceous - tertiary basin,unclassified,< 10 000 T,limited,36.207689615840003,8.592499975280004,unknown,"10000",
,plomb - zinc,index,cretaceous,cretaceous - tertiary basin,unclassified,< 10 000 T,limited,36.183027157589997,8.559179662389999,unknown,"10000",
,copper,index,triasic,cretaceous - tertiary basin,unclassified,< 500 T,limited,36.131934016010000,8.548470386329999,unknown,"500",
,plomb - zinc,index,cretaceous,cretaceous - tertiary basin,unclassified,< 10 000 T,limited,36.102150315880003,8.533869192170000,unknown,"10000",
,plomb - zinc,index,cretaceous,cretaceous - tertiary basin,unclassified,< 10 000 T,limited,36.076881302870000,8.674315154409999,unknown,"10000",
,plomb - zinc,index,quaternary,Miocene basin,unclassified,< 10 000 T,limited,36.448513377230000,8.674334423550000,unknown,"10000",
,plomb - zinc,index,cretaceous,cretaceous - tertiary basin,unclassified,< 10 000 T,limited,36.327644091019998,8.658892274110000,unknown,"10000",
,fluorite,index,cretaceous,cretaceous - tertiary basin,unclassified,undetermined,limited,36.315821418980001,8.629854193450004,unknown,,
,plomb - zinc,index,cretaceous,cretaceous - tertiary basin,unclassified,< 10 000 T,limited,36.314931616769996,8.591692643389999,unknown,"10000",
,plomb - zinc,index,triasic,cretaceous - tertiary basin,unclassified,< 10 000 T,limited,36.283217568630000,8.638326950320000,unknown,"10000",
,plomb - zinc,index,cretaceous,cretaceous - tertiary basin,unclassified,< 10 000 T,limited,36.303511203809997,8.543229091350000,unknown,"10000",
,plomb - zinc,index,cretaceous,cretaceous - tertiary basin,unclassified,< 10 000 T,limited,36.289765469770003,8.516761887079999,unknown,"10000",
,plomb - zinc,index,cretaceous,cretaceous - tertiary basin,unclassified,< 10 000 T,limited,36.266131275909999,8.476764682030000,unknown,"10000",
,plomb - zinc,index,neogene,cretaceous - tertiary basin,unclassified,< 10 000 T,limited,36.328977775879999,8.554171940220000,unknown,"10000",
,plomb - zinc,index,neogene,cretaceous - tertiary basin,unclassified,< 10 000 T,limited,36.354470725440002,8.536236401809999,unknown,"10000",
,plomb - zinc,index,neogene,cretaceous - tertiary basin,unclassified,< 10 000 T,limited,36.380478197819997,8.531350335790000,unknown,"10000",
,plomb - zinc,index,cretaceous,cretaceous - tertiary basin,unclassified,< 10 000 T,limited,36.367876318480000,8.497744735310000,unknown,"10000",
,antimony - arsenic,index,cretaceous,cretaceous - tertiary basin,unclassified,< 500 T,limited,36.370771715040000,8.466427186610000,unknown,"500",
,plomb - zinc,index,cretaceous,cretaceous - tertiary basin,unclassified,< 10 000 T,limited,36.341086087080001,8.450107064179999,unknown,"10000",
,plomb - zinc,index,neogene,cretaceous - tertiary basin,unclassified,< 10 000 T,limited,36.404105110549999,8.573441144980000,unknown,"10000",
,plomb - zinc,index,cretaceous,cretaceous - tertiary basin,unclassified,< 10 000 T,limited,35.910315956520002,9.469899817860000,unknown,"10000",
,plomb - zinc,index,cretaceous,cretaceous - tertiary basin,unclassified,< 10 000 T,limited,35.905250105050001,9.405604069400001,unknown,"10000",
,iron,index,eocene - oligocene,cretaceous - tertiary basin,unclassified,< 500 000 T,limited,35.944970012829998,9.455710151870001,unknown,,
,phosphate,index,cretaceous,cretaceous - tertiary basin,unclassified,< 1 000 000 T,limited,35.930247100560003,9.222316829690000,unknown,"1000000",
,lignite,index,cretaceous,cretaceous - tertiary basin,unclassified,undetermined,limited,35.943709629510003,9.272554124630000,unknown,,
,phosphate,index,eocene - oligocene,cretaceous - tertiary basin,unclassified,< 1 000 000 T,limited,35.847527756349997,9.240892487640000,unknown,"1000000",
,phosphate,index,cretaceous,cretaceous - tertiary basin,unclassified,< 1 000 000 T,limited,35.853418684010002,9.410110331749999,unknown,"1000000",
,phosphate,index,cretaceous,cretaceous - tertiary basin,unclassified,< 1 000 000 T,limited,35.980526588979998,8.830884627370002,unknown,"1000000",
,plomb - zinc,index,triasic,cretaceous - tertiary basin,unclassified,< 10 000 T,limited,36.017495481280001,8.723238899789999,unknown,"10000",
,phosphate,index,eocene - oligocene,cretaceous - tertiary basin,unclassified,< 1 000 000 T,limited,35.924861366949997,8.643783082860002,unknown,"1000000",
,phosphate,index,cretaceous,cretaceous - tertiary basin,unclassified,< 1 000 000 T,limited,35.883420787550001,8.552732728190000,unknown,"1000000",
,plomb - zinc,index,cretaceous,cretaceous - tertiary basin,unclassified,< 10 000 T,limited,35.993184061809998,8.447175414120000,unknown,"10000",
,plomb - zinc,index,cretaceous,cretaceous - tertiary basin,unclassified,< 10 000 T,limited,36.001623978420000,8.513725230240000,unknown,"10000",
,plomb - zinc,index,cretaceous,cretaceous - tertiary basin,unclassified,< 10 000 T,limited,35.962298369460001,8.432165330840000,unknown,"10000",
,plomb - zinc,index,triasic,cretaceous - tertiary basin,unclassified,< 10 000 T,limited,36.009584785139999,8.373537901110000,unknown,"10000",
,copper,index,cretaceous,cretaceous - tertiary basin,unclassified,< 500 T,limited,36.012925520120000,8.329856600839999,unknown,"500",
,phosphate,index,cretaceous,cretaceous - tertiary basin,unclassified,< 1 000 000 T,limited,35.745416587199998,9.111622286030000,unknown,"1000000",
,lignite,index,eocene - oligocene,Mole of EL GASRIN,unclassified,undetermined,limited,35.675020581230001,9.262308855070000,unknown,,
,plomb - zinc,index,triasic,Mole of EL GASRIN,unclassified,< 10 000 T,limited,35.465949424229997,9.455700701590001,unknown,"10000",
,plomb - zinc,index,neogene,Mole of EL GASRIN,unclassified,< 10 000 T,limited,35.473916428199999,9.426547977829999,unknown,"10000",
,plomb - zinc,index,neogene,Mole of EL GASRIN,unclassified,< 10 000 T,limited,35.467100920420002,9.365062770810001,unknown,"10000",
,plomb - zinc,index,cretaceous,Mole of EL GASRIN,unclassified,< 10 000 T,limited,35.409300141439999,9.725811598260000,unknown,"10000",
,plomb - zinc,index,cretaceous,cretaceous - tertiary basin,unclassified,< 10 000 T,limited,35.336627152170003,9.786214359080001,unknown,"10000",
,plomb - zinc,index,quaternary,cretaceous - tertiary basin,unclassified,< 10 000 T,limited,35.308525100259999,9.707118040210000,unknown,"10000",
,plomb - zinc,index,cretaceous,cretaceous - tertiary basin,unclassified,< 10 000 T,limited,35.271004798740002,9.809893248650001,unknown,"10000",
,plomb - zinc,index,cretaceous,Mole of EL GASRIN,unclassified,< 10 000 T,limited,35.132291979169999,9.691745090340000,unknown,"10000",
,plomb - zinc,index,cretaceous,Mole of EL GASRIN,unclassified,< 10 000 T,limited,35.124615157489998,9.538069922709999,unknown,"10000",
,plomb - zinc,index,cretaceous,Mole of EL GASRIN,unclassified,< 10 000 T,limited,35.445633976750003,9.282914052580001,unknown,"10000",
,plomb - zinc,index,cretaceous,Mole of EL GASRIN,unclassified,< 10 000 T,limited,35.425065446289999,9.273714268000001,unknown,"10000",
,mercury,index,cretaceous,Mole of EL GASRIN,unclassified,< 500 T,limited,35.392528099650001,9.253358497690000,unknown,"500",
,fluorite,index,cretaceous,Mole of EL GASRIN,unclassified,undetermined,limited,35.424907963309998,9.241619509990000,unknown,,
,fluorite,index,cretaceous,Mole of EL GASRIN,unclassified,undetermined,limited,35.332239661899997,9.179466763460001,unknown,,
,plomb - zinc,index,neogene,Mole of EL GASRIN,unclassified,< 10 000 T,limited,35.507371696480000,8.899562445030000,unknown,"10000",
,plomb - zinc,index,neogene,Mole of EL GASRIN,unclassified,< 10 000 T,limited,35.478907689030002,8.958309314290000,unknown,"10000",
,phosphate,index,quaternary,cretaceous - tertiary basin,unclassified,< 1 000 000 T,limited,35.792320000629999,8.362376156780000,unknown,"1000000",
,phosphate,index,triasic,cretaceous - tertiary basin,unclassified,< 1 000 000 T,limited,35.781676982329998,8.414047468240000,unknown,"1000000",
,phosphate,index,cretaceous,cretaceous - tertiary basin,unclassified,< 1 000 000 T,limited,35.838795803970001,8.454364123840000,unknown,"1000000",
,plomb - zinc,index,neogene,cretaceous - tertiary basin,unclassified,< 10 000 T,limited,35.838804038989998,8.369955313269999,unknown,"10000",
,fluorite,index,cretaceous,cretaceous - tertiary basin,unclassified,undetermined,limited,35.787253681060001,8.740346936160000,unknown,,
,plomb - zinc,index,cretaceous,cretaceous - tertiary basin,unclassified,< 10 000 T,limited,35.736873161059997,8.735442230700000,unknown,"10000",
,fluorite,index,quaternary,cretaceous - tertiary basin,unclassified,undetermined,limited,35.704846635979997,8.696286179980000,unknown,,
,plomb - zinc,index,cretaceous,cretaceous - tertiary basin,unclassified,< 10 000 T,limited,35.735391293989998,8.682529543970000,unknown,"10000",
,plomb - zinc,index,cretaceous,cretaceous - tertiary basin,unclassified,< 10 000 T,limited,35.953779276360002,9.605126192829999,unknown,"10000",
,plomb - zinc,index,cretaceous,cretaceous - tertiary basin,unclassified,< 10 000 T,limited,35.965414759129999,9.573935413039999,unknown,"10000",
,barite - strontianite,index,cretaceous,cretaceous - tertiary basin,unclassified,undetermined,limited,36.006563797410003,9.579231294560000,unknown,,
,plomb - zinc,index,eocene - oligocene,cretaceous - tertiary basin,unclassified,< 10 000 T,limited,35.983569297090000,9.562168748019999,unknown,"10000",
,lignite,index,quaternary,eastern platform,unclassified,undetermined,limited,35.758925035750003,10.800843714100001,unknown,,
,lignite,index,quaternary,eastern platform,unclassified,undetermined,limited,35.600376629199999,10.746105468910001,unknown,,
,phosphate,index,cretaceous,cretaceous - tertiary basin,unclassified,< 1 000 000 T,limited,35.635593186860000,9.027992737600000,unknown,"1000000",
,copper,index,cretaceous,cretaceous - tertiary basin,unclassified,< 500 T,limited,35.471103620320001,8.615665286580002,unknown,"500",
,plomb - zinc,index,cretaceous,cretaceous - tertiary basin,unclassified,< 10 000 T,limited,35.460632977190002,8.664604071270000,unknown,"10000",
,fluorite,index,triasic,cretaceous - tertiary basin,unclassified,undetermined,limited,35.464883349129998,8.563052213480002,unknown,,
,fluorite,index,cretaceous,cretaceous - tertiary basin,unclassified,undetermined,limited,35.438477606180001,8.518693503750002,unknown,,
,plomb - zinc,index,cretaceous,cretaceous - tertiary basin,unclassified,< 10 000 T,limited,35.438730828170002,8.491470058090000,unknown,"10000",
,copper,index,cretaceous,cretaceous - tertiary basin,unclassified,< 500 T,limited,35.415554857069999,8.463323820479999,unknown,"500",
,fluorite,index,cretaceous,cretaceous - tertiary basin,unclassified,undetermined,limited,35.399592561170003,8.507673209000000,unknown,,
,plomb - zinc,index,neogene,Mole of EL GASRIN,unclassified,< 10 000 T,limited,35.398800280540001,8.700079879070000,unknown,"10000",
,plomb - zinc,index,neogene,Mole of EL GASRIN,unclassified,< 10 000 T,limited,35.379095855359999,8.738922100910004,unknown,"10000",
,lignite,index,quaternary,Mole of EL GASRIN,unclassified,undetermined,limited,35.324115763590001,8.709785692150000,unknown,,
,lignite,index,cretaceous,Mole of EL GASRIN,unclassified,undetermined,limited,35.271181851210002,8.793283807550004,unknown,,
,iron,index,cretaceous,Mole of EL GASRIN,unclassified,< 500 000 T,limited,35.270439417429998,8.725377770620000,unknown,,
,fluorite,index,cretaceous,Mole of EL GASRIN,unclassified,undetermined,limited,35.247981483430003,8.713677506120000,unknown,,
,vanadium,index,cretaceous,Mole of EL GASRIN,unclassified,undetermined,limited,35.248945084799999,8.669630556690000,unknown,,
,plomb - zinc,index,cretaceous,Mole of EL GASRIN,unclassified,< 10 000 T,limited,35.201770880580000,8.653570911850000,unknown,"10000",
,lignite,index,neogene,Mole of EL GASRIN,unclassified,undetermined,limited,35.209438563959999,8.756935836649999,unknown,,
,plomb - zinc,index,neogene,Mole of EL GASRIN,unclassified,< 10 000 T,limited,35.143756869889998,9.180128301810001,unknown,"10000",
,barite - strontianite,index,cretaceous,Mole of EL GASRIN,unclassified,undetermined,limited,35.127674207699997,9.166725374680000,unknown,,
,phosphate,index,cretaceous,intracratonic basin,unclassified,< 1 000 000 T,limited,34.777457089419997,9.591037735990000,unknown,"1000000",
,phosphate,index,neogene,Mole of EL GASRIN,unclassified,< 1 000 000 T,limited,34.679533694420002,9.632395643270000,unknown,"1000000",
,phosphate,index,cretaceous,Mole of EL GASRIN,unclassified,< 1 000 000 T,limited,34.654632307009997,9.571541822800000,unknown,"1000000",
,phosphate,index,eocene - oligocene,Mole of EL GASRIN,unclassified,< 1 000 000 T,limited,34.627084541050003,9.615185861300001,unknown,"1000000",
,phosphate,index,cretaceous,Mole of EL GASRIN,unclassified,< 1 000 000 T,limited,34.494908715039998,9.252349990780001,unknown,"1000000",
,phosphate,index,cretaceous,Mole of EL GASRIN,unclassified,< 1 000 000 T,limited,34.393470506150003,9.098467613020000,unknown,"1000000",
,phosphate,index,cretaceous,Mole of EL GASRIN,unclassified,< 1 000 000 T,limited,34.306562761620000,9.216145081560001,unknown,"1000000",
,phosphate,index,cretaceous,Mole of EL GASRIN,unclassified,< 1 000 000 T,limited,34.286256700890000,9.034808220770000,unknown,"1000000",
,phosphate,index,cretaceous,Saharan platform,unclassified,< 1 000 000 T,limited,34.216602949970003,9.004373708079999,unknown,"1000000",
,manganese,index,cretaceous,Saharan platform,unclassified,undetermined,limited,34.112762503250003,9.238763962700000,unknown,,
,manganese,index,quaternary,Saharan platform,unclassified,undetermined,limited,33.881930983830003,9.646926052060000,unknown,,
,phosphate,index,cretaceous,Saharan platform,unclassified,< 1 000 000 T,limited,34.510167775120003,8.134767620390004,unknown,"1000000",
,uranium,index,cretaceous,intracratonic basin,unclassified,undetermined,limited,34.356222188810001,8.028819989430000,unknown,,
,lignite,index,neogene,Saharan platform,unclassified,undetermined,limited,33.468443349639998,8.919639214120000,unknown,,
,uranium,index,jurassic,Saharan platform,unclassified,undetermined,limited,32.915511385480002,10.342011613950000,unknown,,
,plomb - zinc,index,permien,Saharan platform,unclassified,< 10 000 T,limited,33.406351738860003,10.127312201690000,unknown,"10000",
ASHTART,petrol,category 1,eocene,eastern platform,petrol and gaz deposit,> 10 000 000 000 T,45-55%,34.289359297380003,11.293103974479999,in-operation,"10000000000","50"
SADRBAL,gaz,category 2,eocene,eastern platform,petrol and gaz deposit,5 000 000 - 100 000 000 M³,limited,34.130826337649999,11.562179321740000,under-research,"95250000",
SADRBAL,petrol,category 2,eocene,eastern platform,petrol and gaz deposit,500 000 000 - 10 000 000 000 T,limited,34.129036185970001,11.638180697610000,under-research,,
MISKAR,gaz,category 1,cretaceous,eastern platform,petrol and gaz deposit,> 100 000 000 M³,limited,34.369646016609998,11.792249283320000,under-research,"100000000",
SALAMBO,gaz,category 1,eocene,eastern platform,petrol and gaz deposit,> 100 000 000 M³,limited,33.933217770029998,11.682238614270000,under-research,"100000000",
TZIS,petrol,category 2,cretaceous,eastern platform,petrol and gaz deposit,500 000 000 - 10 000 000 000 T,limited,34.672287731010002,12.242853664180000,under-research,,
DIDOUN,petrol,category 2,eocene,eastern platform,petrol and gaz deposit,500 000 000 - 10 000 000 000 T,limited,33.800893020810001,11.836242781610000,under-research,,
ILISA,gaz,category 2,eocene,eastern platform,petrol and gaz deposit,5 000 000 - 100 000 000 M³,limited,33.712303609640003,11.770716234129999,under-research,"95250000",
ILISA,petrol,category 3,eocene,eastern platform,petrol and gaz deposit,< 500 000 000 T,limited,33.708845656900003,11.837089122869999,under-research,"500000000",
LBIBEN,gaz,category 2,cretaceous,eastern platform,petrol and gaz deposit,5 000 000 - 100 000 000 M³,limited,33.442310121100000,11.231133199149999,under-research,"95250000",
WED ZAR,gaz,category 2,ordovician - triasic,Saharan platform,petrol and gaz deposit,5 000 000 - 100 000 000 M³,limited,31.499271972290000,10.079285649550000,under-research,"95250000",
SHEWWESH ES SIIDA,petrol,category 2,ordovician - triasic,Saharan platform,petrol and gaz deposit,500 000 000 - 10 000 000 000 T,45-55%,31.134127906949999,9.416364313470000,in-operation,,"50"
SHEWWESH ES SIIDA,gaz,category 3,ordovician - triasic,Saharan platform,petrol and gaz deposit,< 5 000 000 M³,limited,31.129465130330001,9.350710086419999,under-research,"5000000",
LARISH,petrol,category 3,ordovician - triasic,Saharan platform,petrol and gaz deposit,< 500 000 000 T,limited,31.751792837779998,9.893075705870000,under-research,"500000000",
LMAKHROUGA,gaz,category 3,ordovician - triasic,Saharan platform,petrol and gaz deposit,< 5 000 000 M³,limited,31.872834351390001,10.111090677669999,under-research,"5000000",
LFRANIG,gaz,category 1,ordovician,Saharan platform,petrol and gaz deposit,> 100 000 000 M³,limited,33.410203884680001,8.373240023659999,under-research,"100000000",
SABRIYYA,petrol,category 3,ordovician,Saharan platform,petrol and gaz deposit,< 500 000 000 T,limited,33.400513066099997,8.550204282119999,under-research,"500000000",
LARISH,gaz,category 3,ordovician - triasic,Saharan platform,petrol and gaz deposit,< 5 000 000 M³,limited,31.753045744929999,9.841150468890000,under-research,"5000000",
DEBBISH,petrol,category 3,ordovician - triasic,Saharan platform,petrol and gaz deposit,< 500 000 000 T,limited,31.711820879699999,9.532574523050000,under-research,"500000000",
DEBBISH,gaz,category 3,ordovician - triasic,Saharan platform,petrol and gaz deposit,< 5 000 000 M³,limited,31.711826845459999,9.475235526270000,under-research,"5000000",
LBORMA,petrol,category 1,ordovician - triasic,Saharan platform,petrol and gaz deposit,> 10 000 000 000 T,25-45%,31.721349515949999,9.313306614549999,in-operation,"10000000000","35"
LBORMA,gaz,category 2,ordovician - triasic,Saharan platform,petrol and gaz deposit,5 000 000 - 100 000 000 M³,limited,31.716726603750001,9.226150495680001,under-research,"95250000",
SABRIYYA,gaz,category 2,ordovician,Saharan platform,petrol and gaz deposit,5 000 000 - 100 000 000 M³,limited,33.406110901950001,8.484794149840004,under-research,"95250000",
TAMESMIDA,petrol,category 3,cretaceous,Mole of EL GASRIN,petrol and gaz deposit,< 500 000 000 T,8-25%,35.121602680140001,8.498858611630000,in-operation,"500000000","17"
SIDI LBHARA,gaz,category 2,cretaceous - eocene,eastern platform,petrol and gaz deposit,5 000 000 - 100 000 000 M³,limited,34.878022208769998,10.377184213030000,under-research,"95250000",
SIDI LITEYIM,petrol,category 2,cretaceous - eocene,eastern platform,petrol and gaz deposit,500 000 000 - 10 000 000 000 T,8-25%,34.873756223960001,10.508266255920001,in-operation,,"17"
SIDI AGAREB,gaz,category 2,cretaceous - eocene,eastern platform,petrol and gaz deposit,5 000 000 - 100 000 000 M³,limited,34.784079258840002,10.435658551470000,under-research,"95250000",
SIDI LITEYIM,gaz,category 2,cretaceous - eocene,eastern platform,petrol and gaz deposit,5 000 000 - 100 000 000 M³,limited,34.880016732210002,10.590417424170001,under-research,"95250000",
GREMDA,petrol,category 3,cretaceous - eocene,eastern platform,petrol and gaz deposit,< 500 000 000 T,limited,34.785169749060003,10.739490831980000,under-research,"500000000",
SIDI ABDERRAHMEN,gaz,category 3,cretaceous,eastern platform,petrol and gaz deposit,< 5 000 000 M³,8-25%,36.679395134849997,10.695597064119999,in-operation,"5000000","17"
TAZERKA,petrol,category 2,miocene,eastern platform,petrol and gaz deposit,500 000 000 - 10 000 000 000 T,limited,36.560314857220000,11.594282776129999,under-research,,
BIRSA,petrol,category 2,miocene,eastern platform,petrol and gaz deposit,500 000 000 - 10 000 000 000 T,limited,36.400237153930000,11.701693123369999,under-research,,
KOSMOS,petrol,category 2,miocene,eastern platform,petrol and gaz deposit,500 000 000 - 10 000 000 000 T,limited,36.241676277480003,11.455402111870001,under-research,,
HALQ IL MENZIL,petrol,category 2,miocene,eastern platform,petrol and gaz deposit,500 000 000 - 10 000 000 000 T,limited,35.917664330059999,11.549776534590000,under-research,,
SIDI AHMED,plomb - zinc,category 1,eocene - oligocene,Miocene basin,vein deposit,> 400 000 T,limited,36.971878272600001,9.168006976879999,unknown,"400000",
J. BEN AMARA,plomb - zinc,category 2,cretaceous,Miocene basin,vein deposit,100 000 - 400 000 T,limited,36.852086085929997,9.044714591600000,unknown,"325000",
,plomb - zinc,category 3,triasic,The Numidian Flysch,vein deposit,10 000 - 100 000 T,limited,36.962544848299999,8.903558358220000,unknown,"91000",
,copper,category 3,quaternary,Miocene basin,vein deposit,500 - 2000 T,limited,36.647369219280002,9.088695257610000,unknown,"1625",
DJEBBA,plomb - zinc,category 3,cretaceous,cretaceous - tertiary basin,vein deposit,10 000 - 100 000 T,limited,36.502610963469998,9.157798196900000,unknown,"91000",
SHWESHWIYYA,iron,category 3,neogene,Miocene basin,vein deposit,500 000 - 5 000 000 T,limited,36.577335398099997,8.674067743409999,unknown,,
SHWESHWIYYA,copper,category 3,neogene,Miocene basin,vein deposit,500 - 2000 T,limited,36.570987491149999,8.658552915070000,unknown,"1625",
GALITE ISLANDS,copper,category 3,neogene,cristallyine basement,vein deposit,500 - 2000 T,limited,37.521167139859998,8.906487983040000,unknown,"1625",
LAKHWET,plomb - zinc,category 1,triasic,cretaceous - tertiary basin,vein deposit,> 400 000 T,35-75%,36.312852492829997,9.291003912420001,unknown,"400000","55"
WED LMADEN,plomb - zinc,category 2,triasic,Miocene basin,vein deposit,100 000 - 400 000 T,limited,36.573138870560001,8.497349743559999,unknown,"325000",
FEJ HASEN,plomb - zinc,category 1,eocene - oligocene,cretaceous - tertiary basin,vein deposit,> 400 000 T,35-75%,36.400991953629998,8.483651228819999,unknown,"400000","55"
TWIREF,plomb - zinc,category 3,eocene - oligocene,cretaceous - tertiary basin,vein deposit,10 000 - 100 000 T,limited,36.345941809410000,8.610416508760000,unknown,"91000",
J. STAH,fluorite,category 3,cretaceous,Mole of ZAGHWEN,vein deposit,undetermined,limited,36.345677857790001,10.060112811360000,unknown,,
J. STAH,plomb - zinc,category 3,jurassic,Mole of ZAGHWEN,vein deposit,10 000 - 100 000 T,limited,36.345186490739998,10.081704955519999,unknown,"91000",
HAMMEM JDIDI,barite - strontianite,category 3,neogene,Mole of ZAGHWEN,vein deposit,undetermined,limited,36.401392062939998,10.370572357630000,unknown,,
SEGIT SIDI YOUSEF,plomb - zinc,category 1,cretaceous,cretaceous - tertiary basin,vein deposit,> 400 000 T,limited,36.243476095829998,8.398660977230000,unknown,"400000",
GARN LHALFEYA,plomb - zinc,category 2,neogene,cretaceous - tertiary basin,vein deposit,100 000 - 400 000 T,limited,36.067375633920001,8.517329667729999,unknown,"325000",
J. RSAS,plomb - zinc,category 2,cretaceous,Mole of ZAGHWEN,deposit in heaps and various,100 000 - 400 000 T,limited,36.619344389760002,10.336014222930000,unknown,"325000",
SIDI BOU AWWEN,plomb - zinc,category 1,eocene - oligocene,Miocene basin,deposit in heaps and various,> 400 000 T,75-95%,36.725537567380002,9.012095260100001,unknown,"400000","85"
WED LMADEN,manganese,category 3,neogene,Miocene basin,deposit in heaps and various,10 000 - 200 000 T,limited,36.541090873949997,8.532026406140000,unknown,"190500",
J. BOU KHIL,plomb - zinc,category 3,cretaceous,cretaceous - tertiary basin,deposit in heaps and various,10 000 - 100 000 T,limited,36.304554836869997,9.155003984720000,unknown,"91000",
BESHSHATER,plomb - zinc,category 3,triasic,Miocene basin,deposit in heaps and various,10 000 - 100 000 T,limited,37.302735111929998,9.776347819800000,unknown,"91000",
SIDI TAYA,plomb - zinc,category 3,neogene,Mole of ZAGHWEN,deposit in heaps and various,10 000 - 100 000 T,limited,36.392518932089999,10.158358524180001,unknown,"91000",
JBILET EL KHOL,plomb - zinc,category 3,cretaceous,Mole of ZAGHWEN,deposit in heaps and various,10 000 - 100 000 T,limited,36.304064277009999,10.027982846450000,unknown,"91000",
JBILET EL KHOL,manganese,category 3,neogene,Mole of ZAGHWEN,deposit in heaps and various,10 000 - 200 000 T,limited,36.308464571430001,10.016584083010001,unknown,"190500",
J. BOU GRIN,plomb - zinc,category 1,cretaceous,cretaceous - tertiary basin,deposit in heaps and various,> 400 000 T,limited,36.129971443599999,9.022463814380000,unknown,"400000",
J LKBOUSH,plomb - zinc,category 2,neogene,cretaceous - tertiary basin,deposit in heaps and various,100 000 - 400 000 T,limited,36.221254852869997,8.942847294320000,unknown,"325000",
DHWEHIRIYYA,plomb - zinc,category 3,eocene - oligocene,The Numidian Flysch,deposit in heaps and various,10 000 - 100 000 T,limited,37.060040106410000,9.307373792670001,unknown,"91000",
TAMRA,iron,category 3,neogene,The Numidian Flysch,deposit in heaps and various,500 000 - 5 000 000 T,limited,37.080834240199998,9.043305686180000,unknown,,
LORBOS,plomb - zinc,category 3,neogene,cretaceous - tertiary basin,deposit in heaps and various,10 000 - 100 000 T,limited,36.041378417319997,8.919327556650000,unknown,"91000",
,manganese,category 3,triasic,cretaceous - tertiary basin,deposit in heaps and various,10 000 - 200 000 T,limited,36.057966996579999,8.345817052990000,unknown,"190500",
,iron,category 3,triasic,cretaceous - tertiary basin,deposit in heaps and various,500 000 - 5 000 000 T,limited,36.053708934719999,8.366982829900000,unknown,,
EL HMEYYIMA,iron,category 3,cretaceous,cretaceous - tertiary basin,deposit in heaps and various,500 000 - 5 000 000 T,limited,35.932714043350003,8.351597637999999,unknown,,
EL HMEYYIMA,manganese,category 3,cretaceous,cretaceous - tertiary basin,deposit in heaps and various,10 000 - 200 000 T,limited,35.936387433669999,8.338367445690000,unknown,"190500",
J. SLATA,manganese,category 2,cretaceous,cretaceous - tertiary basin,deposit in heaps and various,200 000 - 1 000 000 T,limited,35.918792324679998,8.454907857849999,unknown,"840000",
J. SLATA,iron,category 2,cretaceous,cretaceous - tertiary basin,deposit in heaps and various,5 000 000 - 20 000 000 T,limited,35.912562403679999,8.468442845289999,unknown,"16250000",
J. SLATA,plomb - zinc,category 2,cretaceous,cretaceous - tertiary basin,deposit in heaps and various,100 000 - 400 000 T,limited,35.901845810579999,8.491513830150000,unknown,"325000",
JRISA,iron,category 1,cretaceous,cretaceous - tertiary basin,deposit in heaps and various,> 20 000 000 T,35-75%,35.882056368919997,8.708462006670000,unknown,"20000000","55"
JRISA,manganese,category 1,cretaceous,cretaceous - tertiary basin,deposit in heaps and various,1 000 000 T,limited,35.887511857379998,8.682023667079999,unknown,"1000000",
BOU JEBER,plomb - zinc,category 2,cretaceous,cretaceous - tertiary basin,deposit in heaps and various,100 000 - 400 000 T,75-95%,35.766422198980003,8.335173418640000,unknown,"325000","85"
BOU JEBER,fluorite,category 2,cretaceous,cretaceous - tertiary basin,deposit in heaps and various,1 000 000 - 5 000 000 T,limited,35.775409170350002,8.317024661040000,unknown,"4200000",
BOU JEBER,barite - strontianite,category 2,cretaceous,cretaceous - tertiary basin,deposit in heaps and various,1 000 000 - 5 000 000 T,limited,35.780901021630001,8.302259336050000,unknown,"4200000",
J. TROZZA,plomb - zinc,category 2,eocene - oligocene,Mole of EL GASRIN,deposit in heaps and various,100 000 - 400 000 T,limited,35.556101453069999,9.551859852990001,unknown,"325000",
J. LAJRED,plomb - zinc,category 2,cretaceous,cretaceous - tertiary basin,deposit in heaps and various,100 000 - 400 000 T,limited,35.517173751089999,8.619142504919999,unknown,"325000",
EL HAMRA,plomb - zinc,category 3,cretaceous,cretaceous - tertiary basin,deposit in heaps and various,10 000 - 100 000 T,limited,35.377217895859999,8.472416564130000,unknown,"91000",
J. SHAANBI,plomb - zinc,category 3,cretaceous,Mole of EL GASRIN,deposit in heaps and various,10 000 - 100 000 T,limited,35.284074522890002,8.676243179129999,unknown,"91000",
J. ONG,iron,category 2,neogene,Mole of EL GASRIN,Stratiform and peneconformable deposit,5 000 000 - 20 000 000 T,limited,34.322436839319998,9.061830486290001,unknown,"16250000",
GAFSA,phosphate,category 3,quaternary,Saharan platform,Stratiform and peneconformable deposit,1 000 000 - 50 000 000 T,limited,34.407257243499998,8.718046924959999,unknown,"49020000",
MDHILLA,phosphate,category 2,neogene,Saharan platform,Stratiform and peneconformable deposit,50 000 000 - 200 000 000 T,75-95%,34.257587376540002,8.754608938510000,unknown,"162500000","85"
J. SHIB,phosphate,category 3,neogene,Saharan platform,Stratiform and peneconformable deposit,1 000 000 - 50 000 000 T,limited,34.272868260849997,8.678329632860002,unknown,"49020000",
JELLEBIYYA,phosphate,category 2,neogene,Saharan platform,Stratiform and peneconformable deposit,50 000 000 - 200 000 000 T,limited,34.227855583009998,8.634386102870000,unknown,"162500000",
LMZINDA,phosphate,category 2,neogene,Saharan platform,Stratiform and peneconformable deposit,50 000 000 - 200 000 000 T,limited,34.251590502649996,8.529839331070002,unknown,"162500000",
OM LKHSHEB,phosphate,category 3,cretaceous,Saharan platform,Stratiform and peneconformable deposit,1 000 000 - 50 000 000 T,limited,34.356349220609999,8.477788752149999,unknown,"49020000",
SECTOR  100,phosphate,category 3,cretaceous,Saharan platform,Stratiform and peneconformable deposit,1 000 000 - 50 000 000 T,limited,34.404086249430001,8.540428609350000,unknown,"49020000",
KEF ISH SHFEYIR,phosphate,category 2,neogene,Saharan platform,Stratiform and peneconformable deposit,50 000 000 - 200 000 000 T,limited,34.398089046530004,8.432858470519999,unknown,"162500000",
LMETLAWWI,phosphate,category 2,eocene - oligocene,Saharan platform,Stratiform and peneconformable deposit,50 000 000 - 200 000 000 T,75-95%,34.326811442990000,8.415259379040000,unknown,"162500000","85"
KEF ED DOUR,phosphate,category 2,neogene,Saharan platform,Stratiform and peneconformable deposit,50 000 000 - 200 000 000 T,limited,34.408269263329998,8.286379572430000,unknown,"162500000",
RDEYYEF,phosphate,category 2,neogene,intracratonic basin,Stratiform and peneconformable deposit,50 000 000 - 200 000 000 T,75-95%,34.381799995690002,8.145350488569999,unknown,"162500000","85"
OM LARAYIS,phosphate,category 3,neogene,Saharan platform,Stratiform and peneconformable deposit,1 000 000 - 50 000 000 T,35-75%,34.505489333729997,8.244022456510002,unknown,"49020000","55"
LMRATA,phosphate,category 3,cretaceous,Saharan platform,Stratiform and peneconformable deposit,1 000 000 - 50 000 000 T,limited,34.547664541369997,8.184678976580004,unknown,"49020000",
IIN NOUBA,plomb - zinc,category 3,cretaceous,Mole of EL GASRIN,Stratiform and peneconformable deposit,10 000 - 100 000 T,limited,35.163295671509999,8.956161886340000,unknown,"91000",
J. SKARNA,plomb - zinc,category 3,quaternary,cretaceous - tertiary basin,Stratiform and peneconformable deposit,10 000 - 100 000 T,limited,35.743168915689999,9.065144641410001,unknown,"91000",
SRA WERTEN,phosphate,category 1,cretaceous,cretaceous - tertiary basin,Stratiform and peneconformable deposit,> 200 000 000 T,limited,35.846878028490003,8.863110440370004,unknown,"200000000",
JRISA,iron,category 1,cretaceous,cretaceous - tertiary basin,Stratiform and peneconformable deposit,> 20 000 000 T,35-75%,35.853152563130003,8.699357507009999,unknown,"20000000","55"
NEBBER,iron,category 3,triasic,cretaceous - tertiary basin,Stratiform and peneconformable deposit,500 000 - 5 000 000 T,limited,36.332948736290000,8.798113013340000,unknown,,
NEBBER,plomb - zinc,category 3,quaternary,cretaceous - tertiary basin,Stratiform and peneconformable deposit,10 000 - 100 000 T,limited,36.347568783850001,8.848731688710000,unknown,"91000",
FEJ LHEDOUM,plomb - zinc,category 1,neogene,cretaceous - tertiary basin,Stratiform and peneconformable deposit,> 400 000 T,75-95%,36.412155230110002,9.208988202520000,unknown,"400000","85"
KODYA SAFRA,plomb - zinc,category 3,cretaceous,cretaceous - tertiary basin,Stratiform and peneconformable deposit,10 000 - 100 000 T,limited,36.440515659479999,9.506867285020000,unknown,"91000",
HAMMEM ZRIBA,fluorite,category 2,cretaceous,Mole of ZAGHWEN,Stratiform and peneconformable deposit,1 000 000 - 5 000 000 T,75-95%,36.325917583790002,10.224761204189999,unknown,"4200000","85"
HAMMEM ZRIBA,barite - strontianite,category 2,cretaceous,Mole of ZAGHWEN,Stratiform and peneconformable deposit,1 000 000 - 5 000 000 T,75-95%,36.308925975660003,10.224758866560000,unknown,"4200000","85"
J. GEBLI,plomb - zinc,category 2,cretaceous,Mole of ZAGHWEN,Stratiform and peneconformable deposit,100 000 - 400 000 T,limited,36.295635134350000,10.224216322180000,unknown,"325000",
JALTA,plomb - zinc,category 2,cretaceous,Miocene basin,Stratiform and peneconformable deposit,100 000 - 400 000 T,limited,37.063831807699998,9.551630015100001,unknown,"325000",
J. SEMMEN,plomb - zinc,category 3,cretaceous,Miocene basin,Stratiform and peneconformable deposit,10 000 - 100 000 T,limited,36.959500847939999,9.405215986520000,unknown,"91000",
DHWEHIRIYYA,iron,category 2,neogene,The Numidian Flysch,Stratiform and peneconformable deposit,5 000 000 - 20 000 000 T,limited,37.069037037139999,9.214194070540000,unknown,"16250000",
SIDI DRIS,plomb - zinc,category 2,eocene - oligocene,The Numidian Flysch,Stratiform and peneconformable deposit,100 000 - 400 000 T,limited,37.107788962249998,9.152982694140000,unknown,"325000",
KHANGET KEP TOUT,plomb - zinc,category 2,eocene - oligocene,Miocene basin,Stratiform and peneconformable deposit,100 000 - 400 000 T,limited,36.894258136120001,9.154082277050000,unknown,"325000",
LHEWWERIYYA,plomb - zinc,category 3,eocene - oligocene,Miocene basin,Stratiform and peneconformable deposit,10 000 - 100 000 T,limited,36.700115788209999,9.125682399150000,unknown,"91000",
J. TWILA,plomb - zinc,category 3,eocene - oligocene,Mole of EL GASRIN,deposit in heaps and various,10 000 - 100 000 T,limited,35.393542729399996,9.694914834760000,unknown,"91000",
DOULEB,petrol,category 3,cretaceous,Mole of EL GASRIN,petrol and gaz deposit,< 500 000 000 T,8-25%,35.423444872689998,8.903021032140000,in-operation,"500000000","17"
SEMMEMA,petrol,category 3,cretaceous,Mole of EL GASRIN,petrol and gaz deposit,< 500 000 000 T,8-25%,35.369062582849999,8.881688739430000,in-operation,"500000000","17"
LGALAA LKHASBA,phosphate,category 3,cretaceous,cretaceous - tertiary basin,Stratiform and peneconformable deposit,1 000 000 - 50 000 000 T,35-75%,35.694863312179997,8.592784382070002,unknown,"49020000","55"
,plomb - zinc,index,triasic,cretaceous - tertiary basin,unclassified,< 10 000 T,limited,36.181680138120001,8.361181073890000,unknown,"10000",
,plomb - zinc,index,neogene,The Numidian Flysch,unclassified,< 10 000 T,limited,37.045619653320003,8.996161330020000,unknown,"10000",
LMAKHROUGA,petrol,category 3,ordovician - triasic,Saharan platform,petrol and gaz deposit,< 500 000 000 T,limited,31.872826720970000,10.163848039399999,under-research,"500000000",
,plomb - zinc,index,eocene - oligocene,Miocene basin,unclassified,< 10 000 T,limited,37.017467239310001,9.234203291520000,unknown,"10000",
,plomb - zinc,index,triasic,Miocene basin,unclassified,< 10 000 T,limited,36.617005589359998,8.552223776040000,unknown,"10000",
J THEBI BEN KSOURI,antimony - arsenic,category 3,neogene,Miocene basin,Stratiform and peneconformable deposit,> 500 T,limited,36.456417012579998,8.479179378450000,unknown,,
J.BAZINA,plomb - zinc,category 3,cretaceous,Miocene basin,vein deposit,10 000 - 100 000 T,limited,36.997281655190001,9.283382650420000,unknown,"91000",
,iron,index,eocene - oligocene,The Numidian Flysch,unclassified,< 500 000 T,limited,37.040539878739999,9.129038151280000,unknown,,
